{
  "sceneRotation": {
    "y": 180
  },
  "vrmPose": {
    "hips": {
      "position": [
        0,
        0,
        0
      ],
      "rotation": [
        0.07001122087240219,
        -0.3915921747684479,
        0.03526133671402931,
        0.916793704032898
      ]
    },
    "spine": {
      "position": [
        0,
        0,
        0
      ],
      "rotation": [
        -0.19121408462524414,
        0.027828454971313477,
        0.00888737291097641,
        0.9811135530471802
      ]
    },
    "chest": {
      "position": [
        0,
        0,
        0
      ],
      "rotation": [
        -0.005138774402439594,
        0.004454247187823057,
        0.011106869205832481,
        0.9999151825904846
      ]
    },
    "neck": {
      "position": [
        0,
        0,
        0
      ],
      "rotation": [
        -0.11259210109710693,
        0.03546571359038353,
        0.027953442186117172,
        0.9926146268844604
      ]
    },
    "head": {
      "position": [
        0,
        0,
        0
      ],
      "rotation": [
        0.044793132692575455,
        0.18652713298797607,
        0.07306147366762161,
        0.9787048697471619
      ]
    },
    "leftEye": {
      "position": [
        0,
        0,
        0
      ],
      "rotation": [
        0,
        0,
        0,
        1
      ]
    },
    "rightEye": {
      "position": [
        0,
        0,
        0
      ],
      "rotation": [
        0,
        0,
        0,
        1
      ]
    },
    "leftUpperLeg": {
      "position": [
        0,
        0,
        0
      ],
      "rotation": [
        0.25853273272514343,
        0.13396722078323364,
        -0.17049911618232727,
        0.9413520693778992
      ]
    },
    "leftLowerLeg": {
      "position": [
        0,
        0,
        0
      ],
      "rotation": [
        -0.5108374953269958,
        0.030779028311371803,
        -0.005336996167898178,
        0.8591095805168152
      ]
    },
    "leftFoot": {
      "position": [
        0,
        0,
        0
      ],
      "rotation": [
        0.14786303043365479,
        0.00249419454485178,
        0.062370408326387405,
        0.9870360493659973
      ]
    },
    "leftToes": {
      "position": [
        0,
        0,
        0
      ],
      "rotation": [
        0.01589668169617653,
        -0.00003089248639298603,
        0.0022982037626206875,
        0.9998709559440613
      ]
    },
    "rightUpperLeg": {
      "position": [
        0,
        0,
        0
      ],
      "rotation": [
        0.12795574963092804,
        -0.0911155492067337,
        0.14762218296527863,
        0.9764901399612427
      ]
    },
    "rightLowerLeg": {
      "position": [
        0,
        0,
        0
      ],
      "rotation": [
        -0.45943623781204224,
        0.09215017408132553,
        0.03243320435285568,
        0.8828220367431641
      ]
    },
    "rightFoot": {
      "position": [
        0,
        0,
        0
      ],
      "rotation": [
        0.26631179451942444,
        -0.0011239189188927412,
        -0.12663456797599792,
        0.9555314779281616
      ]
    },
    "rightToes": {
      "position": [
        0,
        0,
        0
      ],
      "rotation": [
        0.009053637273609638,
        2.563893133356032e-7,
        -1.120262194120869e-8,
        0.9999590516090393
      ]
    },
    "leftShoulder": {
      "position": [
        0,
        0,
        0
      ],
      "rotation": [
        -0.026937231421470642,
        -0.07091201841831207,
        -0.0023493673652410507,
        0.9971160292625427
      ]
    },
    "leftUpperArm": {
      "position": [
        0,
        0,
        0
      ],
      "rotation": [
        -0.4398540258407593,
        0.1515725553035736,
        -0.3654390871524811,
        -0.8062310218811035
      ]
    },
    "leftLowerArm": {
      "position": [
        0,
        0,
        0
      ],
      "rotation": [
        0.0000013749663594353478,
        -0.8158832788467407,
        2.949875295144011e-7,
        0.5782166719436646
      ]
    },
    "leftHand": {
      "position": [
        0,
        0,
        0
      ],
      "rotation": [
        0.056033458560705185,
        -0.0488179586827755,
        -0.07143661379814148,
        0.9946727156639099
      ]
    },
    "rightShoulder": {
      "position": [
        0,
        0,
        0
      ],
      "rotation": [
        0.07860700786113739,
        -0.2210157811641693,
        0.02537449449300766,
        -0.9717659950256348
      ]
    },
    "rightUpperArm": {
      "position": [
        0,
        0,
        0
      ],
      "rotation": [
        0.29676151275634766,
        0.4416230022907257,
        -0.3911234438419342,
        0.7509488463401794
      ]
    },
    "rightLowerArm": {
      "position": [
        0,
        0,
        0
      ],
      "rotation": [
        -3.354245166065084e-7,
        0.8137264847755432,
        -2.596504486973572e-7,
        0.5812479853630066
      ]
    },
    "rightHand": {
      "position": [
        0,
        0,
        0
      ],
      "rotation": [
        -0.04815441370010376,
        0.013262929394841194,
        0.02028859779238701,
        0.99854576587677
      ]
    },
    "leftThumbMetacarpal": {
      "position": [
        0,
        0,
        0
      ],
      "rotation": [
        0.15828953683376312,
        -0.012535651214420795,
        0.002578502055257559,
        0.9873098134994507
      ]
    },
    "leftThumbProximal": {
      "position": [
        0,
        0,
        0
      ],
      "rotation": [
        -0.06821800768375397,
        0.30975809693336487,
        -0.06652970612049103,
        0.9460285305976868
      ]
    },
    "leftThumbDistal": {
      "position": [
        0,
        0,
        0
      ],
      "rotation": [
        -0.024330666288733482,
        0.3309716582298279,
        -0.011169038712978363,
        0.9432608485221863
      ]
    },
    "leftIndexProximal": {
      "position": [
        0,
        0,
        0
      ],
      "rotation": [
        0.00012218534538988024,
        -0.08623657375574112,
        -0.7135718464851379,
        -0.6952542662620544
      ]
    },
    "leftIndexIntermediate": {
      "position": [
        0,
        0,
        0
      ],
      "rotation": [
        0.0000096479598141741,
        -0.06799770891666412,
        -0.5627368688583374,
        -0.8238346576690674
      ]
    },
    "leftIndexDistal": {
      "position": [
        0,
        0,
        0
      ],
      "rotation": [
        0.000010281106369802728,
        -0.022122347727417946,
        -0.18385304510593414,
        -0.982704758644104
      ]
    },
    "leftMiddleProximal": {
      "position": [
        0,
        0,
        0
      ],
      "rotation": [
        -0.000029409993658191524,
        -0.08502940833568573,
        -0.7048242092132568,
        -0.7042676210403442
      ]
    },
    "leftMiddleIntermediate": {
      "position": [
        0,
        0,
        0
      ],
      "rotation": [
        0.000028349022613838315,
        0.0810871571302414,
        0.6717870831489563,
        0.7362927198410034
      ]
    },
    "leftMiddleDistal": {
      "position": [
        0,
        0,
        0
      ],
      "rotation": [
        -3.523045961628668e-7,
        -0.03385118767619133,
        -0.2803354561328888,
        -0.9593049883842468
      ]
    },
    "leftRingProximal": {
      "position": [
        0,
        0,
        0
      ],
      "rotation": [
        0.000059915004385402426,
        0.09135589748620987,
        0.7574683427810669,
        0.6464486122131348
      ]
    },
    "leftRingIntermediate": {
      "position": [
        0,
        0,
        0
      ],
      "rotation": [
        -0.0000075147604547964875,
        0.07346183806657791,
        0.6087287664413452,
        0.7899700403213501
      ]
    },
    "leftRingDistal": {
      "position": [
        0,
        0,
        0
      ],