{
  "sceneRotation": {
    "x": 0,
    "y": 180,
    "z": 0
  },
  "vrmPose": {
    "hips": {
      "position": [
        0.00045895889348180566,
        -0.025804077154004457,
        0.009992973051945318
      ],
      "rotation": [
        0.04668551473277823,
        -0.03812638910181972,
        0.018222695362943835,
        0.9980154179880697
      ]
    },
    "spine": {
      "position": [
        0,
        0,
        0
      ],
      "rotation": [
        -0.014869069006469622,
        0.0009440910015980728,
        -0.0048449899121694685,
        0.9998772652439961
      ]
    },
    "chest": {
      "position": [
        0,
        0,
        0
      ],
      "rotation": [
        -0.026966242542151537,
        0.001992793381657244,
        -0.005688520130495545,
        0.9996181727421831
      ]
    },
    "upperChest": {
      "position": [
        0,
        0,
        0
      ],
      "rotation": [
        -0.026970316023899574,
        0.0018949950412017337,
        -0.005690453070829373,
        0.9996182420260313
      ]
    },
    "neck": {
      "position": [
        0,
        0,
        0
      ],
      "rotation": [
        -0.04689832661357789,
        0.003747375517581262,
        0.0005784957713641188,
        0.9988924714303431
      ]
    },
    "head": {
      "position": [
        0,
        0,
        0
      ],
      "rotation": [
        0.05087122971854611,
        0.010794948853223631,
        -0.023791712908027576,
        0.9983634315534005
      ]
    },
    "leftEye": {
      "position": [
        0,
        0,
        0
      ],
      "rotation": [
        0,
        0,
        0,
        1
      ]
    },
    "rightEye": {
      "position": [
        0,
        0,
        0
      ],
      "rotation": [
        0,
        0,
        0,
        1
      ]
    },
    "leftUpperLeg": {
      "position": [
        0,
        0,
        0
      ],
      "rotation": [
        0.043190296061537424,
        0.1466979657370001,
        -0.0976796665198567,
        0.9833986922521873
      ]
    },
    "leftLowerLeg": {
      "position": [
        0,
        0,
        0
      ],
      "rotation": [
        -0.1940476427306652,
        0.08580675242190047,
        -0.015569118608666884,
        0.9771081394273758
      ]
    },
    "leftFoot": {
      "position": [
        0,
        0,
        0
      ],
      "rotation": [
        0.07986323482366231,
        0.06826661504621818,
        0.08043365798251728,
        0.9912073242552153
      ]
    },
    "leftToes": {
      "position": [
        0,
        0,
        0
      ],
      "rotation": [
        0.009809011322431222,
        2.845145949650864e-7,
        -5.52969814386559e-9,
        0.9999518904911353
      ]
    },
    "rightUpperLeg": {
      "position": [
        0,
        0,
        0
      ],
      "rotation": [
        0.041826331481474625,
        -0.11031297810436179,
        0.028388156968944825,
        0.9926105567645626
      ]
    },
    "rightLowerLeg": {
      "position": [
        0,
        0,
        0
      ],
      "rotation": [
        -0.18511274545228065,
        -0.06771352442653425,
        0.022749653252242975,
        0.98011764771264
      ]
    },
    "rightFoot": {
      "position": [
        0,
        0,
        0
      ],
      "rotation": [
        0.08567578295423472,
        -0.007701492557330387,
        -0.05205937478413054,
        0.9949322432832568
      ]
    },
    "rightToes": {
      "position": [
        0,
        0,
        0
      ],
      "rotation": [
        0.0017690568069077702,
        8.601341737985404e-8,
        -3.1024602302247434e-9,
        0.9999984352177791
      ]
    },
    "leftShoulder": {
      "position": [
        0,
        0,
        0
      ],
      "rotation": [
        -0.01089312750882206,
        -0.002253736847611615,
        0.06300327970246172,
        0.9979513250605119
      ]
    },
    "leftUpperArm": {
      "position": [
        0,
        0,
        0
      ],
      "rotation": [
        0.014881242939808685,
        0.2824621817470212,
        -0.4125618070825118,
        -0.8659020961008107
      ]
    },
    "leftLowerArm": {
      "position": [
        0,
        0,
        0
      ],
      "rotation": [
        0.000001320295214663978,
        -0.8083481355321868,
        2.423608695364443e-7,
        0.5887047592353156
      ]
    },
    "leftHand": {
      "position": [
        0,
        0,
        0
      ],
      "rotation": [
        0.41374959723494764,
        -0.0070056715350826785,
        -0.2568034785056962,
        0.8733923315335642
      ]
    },
    "rightShoulder": {
      "position": [
        0,
        0,
        0
      ],
      "rotation": [
        0.001704335251724881,
        0.01809900926807842,
        0.013448892620422086,
        -0.9997442915026563
      ]
    },
    "rightUpperArm": {
      "position": [
        0,
        0,
        0
      ],
      "rotation": [
        0.05142657755631192,
        0.4102975873093383,
        -0.48787127310793094,
        0.7687605856602037
      ]
    },
    "rightLowerArm": {
      "position": [
        0,
        0,
        0
      ],
      "rotation": [
        -1.1328503950905291e-7,
        0.6809705920196706,
        -3.1143485905551335e-7,
        0.7323107345033497
      ]
    },
    "rightHand": {
      "position": [
        0,
        0,
        0
      ],
      "rotation": [
        0.24714657847372148,
        0.1563470809071064,
        0.12727813541651947,
        0.9477733992265923
      ]
    },
    "leftThumbMetacarpal": {
      "position": [
        0,
        0,
        0
      ],
      "rotation": [
        0.09450215955866759,
        -0.10248596632329833,
        -0.06703766084230642,
        0.9879635218844467
      ]
    },
    "leftThumbProximal": {
      "position": [
        0,
        0,
        0
      ],
      "rotation": [
        -0.03741811415337072,
        0.08921460137848426,
        -0.003726263419439039,
        0.9953023433083097
      ]
    },
    "leftThumbDistal": {
      "position": [
        0,
        0,
        0
      ],
      "rotation": [
        -0.03663510844891652,
        0.1293249813947695,
        -0.0009929775334028917,
        0.9909247862536272
      ]
    },
    "leftIndexProximal": {
      "position": [
        0,
        0,
        0
      ],
      "rotation": [
        -0.016063919078320457,
        0.0069216777387087645,
        -0.316394722383695,
        -0.9484663518169061
      ]
    },
    "leftIndexIntermediate": {
      "position": [
        0,
        0,
        0
      ],
      "rotation": [
        0.0000033182629706281844,
        -0.02360671436118787,
        -0.19476263936482344,
        -0.9805662840082285
      ]
    },
    "leftIndexDistal": {
      "position": [
        0,
        0,
        0
      ],
      "rotation": [
        0.000007285621807998509,
        -0.015922125806460956,
        -0.1324801642039741,
        -0.9910577641839102
      ]
    },
    "leftMiddleProximal": {
      "position": [
        0,
        0,
        0
      ],
      "rotation": [
        -0.011375865121682194,
        0.00015797375493135427,
        -0.2999881534379522,
        -0.9538750822481494
      ]
    },
    "leftMiddleIntermediate": {
      "position": [
        0,
        0,
        0
      ],
      "rotation": [
        0.00001296170921050796,
        0.03692575742115598,
        0.3058145926881497,
        0.9513747543265215
      ]
    },
    "leftMiddleDistal": {
      "position": [
        0,
        0,
        0
      ],
      "rotation": [
        -2.9024215332829315e-7,
        -0.018088583701398674,
        -0.149716842066917,
        -0.9885634376918374
      ]
    },
    "leftRingProximal": {
      "position": [
        0,
        0,
        0
      ],
      "rotation": [
        0.0009905231613869675,
        0.04101365563333423,
        0.34065256575597436,
        0.9392937391249494
      ]
    },