{
  "sceneRotation": {
    "x": 0,
    "y": 180,
    "z": 0
  },
  "vrmPose": {
    "hips": {
      "position": [
        0.0031198712794936754,
        -0.02475345549665664,
        -0.009447856436140005
      ],
      "rotation": [
        0.018756845877644517,
        -0.019964222008401207,
        -0.0027241293917926305,
        0.9996210230339188
      ]
    },
    "spine": {
      "position": [
        0,
        0,
        0
      ],
      "rotation": [
        0.004159632823861091,
        -0.001653303573594173,
        0.015045646501789587,
        0.9998767886911905
      ]
    },
    "chest": {
      "position": [
        0,
        0,
        0
      ],
      "rotation": [
        -0.004733914363831148,
        -0.009608731887858834,
        0.0047947065362399345,
        0.9999311341865171
      ]
    },
    "neck": {
      "position": [
        0,
        0,
        0
      ],
      "rotation": [
        0.08586856639713433,
        0.000657438581122207,
        -0.013417147831290534,
        0.9962159089391648
      ]
    },
    "head": {
      "position": [
        0,
        0,
        0
      ],
      "rotation": [
        0.04443961973246445,
        0.018370177240520334,
        -0.028998644305861104,
        0.9984221228591682
      ]
    },
    "leftEye": {
      "position": [
        0,
        0,
        0
      ],
      "rotation": [
        0,
        0,
        0,
        1
      ]
    },
    "rightEye": {
      "position": [
        0,
        0,
        0
      ],
      "rotation": [
        0,
        0,
        0,
        1
      ]
    },
    "leftUpperLeg": {
      "position": [
        0,
        0,
        0
      ],
      "rotation": [
        0.06384628512962724,
        0.07725136304024385,
        -0.03519510233648455,
        0.9943425886258194
      ]
    },
    "leftLowerLeg": {
      "position": [
        0,
        0,
        0
      ],
      "rotation": [
        -0.20360047564460396,
        0.07963095959864676,
        -0.04154246501045212,
        0.9749256280309514
      ]
    },
    "leftFoot": {
      "position": [
        0,
        0,
        0
      ],
      "rotation": [
        0.10636569518987157,
        0.05884150925438888,
        0.08081013999644826,
        0.9892895111893157
      ]
    },
    "leftToes": {
      "position": [
        0,
        0,
        0
      ],
      "rotation": [
        5.342524218576727e-7,
        5.4290826057012964e-8,
        2.2351878570248118e-8,
        1
      ]
    },
    "rightUpperLeg": {
      "position": [
        0,
        0,
        0
      ],
      "rotation": [
        0.05652625399395758,
        -0.07327428877219677,
        0.06617602962328753,
        0.9935071184031029
      ]
    },
    "rightLowerLeg": {
      "position": [
        0,
        0,
        0
      ],
      "rotation": [
        -0.17563875167145468,
        -0.07297835080552009,
        0.05631845284034302,
        0.9801292879486203
      ]
    },
    "rightFoot": {
      "position": [
        0,
        0,
        0
      ],
      "rotation": [
        0.08152694859730698,
        -0.016631464421958207,
        -0.11422622958416151,
        0.9899642011298083
      ]
    },
    "rightToes": {
      "position": [
        0,
        0,
        0
      ],
      "rotation": [
        1.654619978808114e-7,
        -5.490131016472333e-8,
        -2.2351583695012778e-8,
        1
      ]
    },
    "leftShoulder": {
      "position": [
        0,
        0,
        0
      ],
      "rotation": [
        0.0020062163791858185,
        0.06309061334581796,
        0.09546826904402704,
        0.9934290911832739
      ]
    },
    "leftUpperArm": {
      "position": [
        0,
        0,
        0
      ],
      "rotation": [
        0.11204228398076505,
        0.4619196564352491,
        -0.5080408758185386,
        -0.7183113712705983
      ]
    },
    "leftLowerArm": {
      "position": [
        0,
        0,
        0
      ],
      "rotation": [
        0.0000012806137539175718,
        -0.713346932926544,
        2.33562229078349e-7,
        0.7008110681792906
      ]
    },
    "leftHand": {
      "position": [
        0,
        0,
        0
      ],
      "rotation": [
        -0.08194538593731562,
        0.030004564984893442,
        -0.3689130584767031,
        0.925358229951447
      ]
    },
    "rightShoulder": {
      "position": [
        0,
        0,
        0
      ],
      "rotation": [
        0.0071984087310014745,
        -0.0008023800407340249,
        0.09045096478865575,
        -0.9958745714530586
      ]
    },
    "rightUpperArm": {
      "position": [
        0,
        0,
        0
      ],
      "rotation": [
        0.02416485253892682,
        0.35003537384614714,
        -0.5256406775440137,
        0.7749794675146112
      ]
    },
    "rightLowerArm": {
      "position": [
        0,
        0,
        0
      ],
      "rotation": [
        -3.4632075636225745e-7,
        0.6789763315318914,
        -2.541716811265599e-7,
        0.7341601604686205
      ]
    },
    "rightHand": {
      "position": [
        0,
        0,
        0
      ],
      "rotation": [
        0.13612401177855057,
        0.1999347136084795,
        0.0932496786316304,
        0.9658161632250238
      ]
    },
    "leftThumbMetacarpal": {
      "position": [
        0,
        0,
        0
      ],
      "rotation": [
        -0.0023273632396012545,
        0.033395763486623764,
        0.018966510891914368,
        0.9992594718933105
      ]
    },
    "leftThumbProximal": {
      "position": [
        0,
        0,
        0
      ],
      "rotation": [
        0.05699001997709274,
        0.06310675293207169,
        -0.11334538459777832,
        0.9899103045463562
      ]
    },
    "leftThumbDistal": {
      "position": [
        0,
        0,
        0
      ],
      "rotation": [
        0.05422140657901764,
        0.013856600970029831,
        -0.07141060382127762,
        0.9958757758140564
      ]
    },
    "leftIndexProximal": {
      "position": [
        0,
        0,
        0
      ],
      "rotation": [
        -1.4851535112825331e-8,
        0.000044507109123514965,
        9.468294024372881e-7,
        -1
      ]
    },
    "leftIndexIntermediate": {
      "position": [
        0,
        0,
        0
      ],
      "rotation": [
        1.4504315970498283e-7,
        -0.00010482159268576652,
        -2.7659939405566547e-7,
        -1
      ]
    },
    "leftIndexDistal": {
      "position": [
        0,
        0,
        0
      ],
      "rotation": [
        -1.1494918794596742e-7,
        0.00006633751036133617,
        -2.289424294588116e-8,
        -1
      ]
    },
    "leftMiddleProximal": {
      "position": [
        0,
        0,
        0
      ],
      "rotation": [
        -3.44045041344998e-8,
        0.00004820628237212077,
        0.00013953544839750975,
        -1
      ]
    },
    "leftMiddleIntermediate": {
      "position": [
        0,
        0,
        0
      ],
      "rotation": [
        -4.813059106822948e-8,
        0.00003781992563745007,
        0.00013972587476018816,
        1
      ]
    },
    "leftMiddleDistal": {
      "position": [
        0,
        0,
        0
      ],
      "rotation": [
        -2.6704006117483914e-8,
        -0.000021006469978601672,
        -5.578670325689927e-8,
        -1
      ]
    },
    "leftRingProximal": {
      "position": [
        0,
        0,
        0
      ],
      "rotation": [
        1.4835883632713376e-8,
        0.000006107441095082322,
        -9.468473081142292e-7,
        1
      ]
    },
    "leftRingIntermediate": {
      "position": [
        0,
        0,
        0
      ],
      "rotation": [
        -1.4465595654655772e-7,
        1.0183526910623186e-7,
        2.7663853074955114e-7,
        1
      ]
    },
    "leftRingDistal": {
      "position": [
        0,
        0,
        0
      ],