{
  "sceneRotation": {
    "y": 180
  },
  "vrmPose": {
    "hips": {
      "position": [
        0,
        0,
        0
      ],
      "rotation": [
        0.17921878397464752,
        -0.36203742027282715,
        0.1892603635787964,
        0.8949804902076721
      ]
    },
    "spine": {
      "position": [
        0,
        0,
        0
      ],
      "rotation": [
        -0.1197400838136673,
        0.09071967750787735,
        0.01572464592754841,
        0.9885267019271851
      ]
    },
    "chest": {
      "position": [
        0,
        0,
        0
      ],
      "rotation": [
        -0.011971838772296906,
        0.024835696443915367,
        -0.0015593456337228417,
        0.999618649482727
      ]
    },
    "neck": {
      "position": [
        0,
        0,
        0
      ],
      "rotation": [
        -0.03031970001757145,
        -0.016915811225771904,
        -0.0013976716436445713,
        0.9993961453437805
      ]
    },
    "head": {
      "position": [
        0,
        0,
        0
      ],
      "rotation": [
        -0.05764316767454147,
        -0.18220491707324982,
        -0.08273453265428543,
        0.9780765175819397
      ]
    },
    "leftEye": {
      "position": [
        0,
        0,
        0
      ],
      "rotation": [
        0,
        0,
        0,
        1
      ]
    },
    "rightEye": {
      "position": [
        0,
        0,
        0
      ],
      "rotation": [
        0,
        0,
        0,
        1
      ]
    },
    "leftUpperLeg": {
      "position": [
        0,
        0,
        0
      ],
      "rotation": [
        0.22449041903018951,
        0.021536774933338165,
        0.07433414459228516,
        0.9713982939720154
      ]
    },
    "leftLowerLeg": {
      "position": [
        0,
        0,
        0
      ],
      "rotation": [
        -0.2965421676635742,
        -0.024342253804206848,
        0.018420014530420303,
        0.954531729221344
      ]
    },
    "leftFoot": {
      "position": [
        0,
        0,
        0
      ],
      "rotation": [
        -0.26299619674682617,
        0.008269025012850761,
        -0.17601816356182098,
        0.9485685229301453
      ]
    },
    "leftToes": {
      "position": [
        0,
        0,
        0
      ],
      "rotation": [
        0.180733785033226,
        1.2506528435096698e-7,
        -4.618486926233345e-8,
        0.9835320711135864
      ]
    },
    "rightUpperLeg": {
      "position": [
        0,
        0,
        0
      ],
      "rotation": [
        0.0011634412221610546,
        -0.16827012598514557,
        0.11026518046855927,
        0.9795536994934082
      ]
    },
    "rightLowerLeg": {
      "position": [
        0,
        0,
        0
      ],
      "rotation": [
        -0.6426653861999512,
        0.03619793802499771,
        -0.04730113968253136,
        0.7638282179832458
      ]
    },
    "rightFoot": {
      "position": [
        0,
        0,
        0
      ],
      "rotation": [
        -0.12827765941619873,
        0.012163316830992699,
        -0.14726580679416656,
        0.9806679487228394
      ]
    },
    "rightToes": {
      "position": [
        0,
        0,
        0
      ],
      "rotation": [
        0.5119648575782776,
        -0.006757370196282864,
        0.011815575882792473,
        0.8588985204696655
      ]
    },
    "leftShoulder": {
      "position": [
        0,
        0,
        0
      ],
      "rotation": [
        0.014351872727274895,
        0.0863640233874321,
        -0.00513753667473793,
        0.9961470365524292
      ]
    },
    "leftUpperArm": {
      "position": [
        0,
        0,
        0
      ],
      "rotation": [
        0.1798977255821228,
        -0.23990152776241302,
        -0.11691563576459885,
        -0.9467918872833252
      ]
    },
    "leftLowerArm": {
      "position": [
        0,
        0,
        0
      ],
      "rotation": [
        8.382993144095963e-8,
        -0.35561084747314453,
        -8.190366429516871e-8,
        0.9346340894699097
      ]
    },
    "leftHand": {
      "position": [
        0,
        0,
        0
      ],
      "rotation": [
        -0.12712420523166656,
        -0.12240055948495865,
        0.11636228114366531,
        0.9774034023284912
      ]
    },
    "rightShoulder": {
      "position": [
        0,
        0,
        0
      ],
      "rotation": [
        0.005870265886187553,
        -0.03246445581316948,
        -0.039663705974817276,
        -0.9986683130264282
      ]
    },
    "rightUpperArm": {
      "position": [
        0,
        0,
        0
      ],
      "rotation": [
        -0.24271664023399353,
        -0.12906326353549957,
        -0.08061181753873825,
        0.958088219165802
      ]
    },
    "rightLowerArm": {
      "position": [
        0,
        0,
        0
      ],
      "rotation": [
        8.920031291381747e-8,
        0.3799590766429901,
        -4.2237783759446756e-7,
        0.9250032901763916
      ]
    },
    "rightHand": {
      "position": [
        0,
        0,
        0
      ],
      "rotation": [
        -0.23122459650039673,
        -0.02352764643728733,
        -0.28256651759147644,
        0.9306651949882507
      ]
    },
    "leftThumbMetacarpal": {
      "position": [
        0,
        0,
        0
      ],
      "rotation": [
        -0.04303860291838646,
        -0.009693876840174198,
        -0.038488514721393585,
        0.9982846975326538
      ]
    },
    "leftThumbProximal": {
      "position": [
        0,
        0,
        0
      ],
      "rotation": [
        -0.06807540357112885,
        0.11562380194664001,
        -0.04029972478747368,
        0.9901377558708191
      ]
    },
    "leftThumbDistal": {
      "position": [
        0,
        0,
        0
      ],
      "rotation": [
        0.09660423547029495,
        -0.0592796690762043,
        -0.1175382062792778,
        0.9865791201591492
      ]
    },
    "leftIndexProximal": {
      "position": [
        0,
        0,
        0
      ],
      "rotation": [
        -0.003231022274121642,
        -0.025885464623570442,
        0.01277825515717268,
        0.9995779991149902
      ]
    },
    "leftIndexIntermediate": {
      "position": [
        0,
        0,
        0
      ],
      "rotation": [
        4.5222239464237646e-7,
        0.027235131710767746,
        0.26576435565948486,
        0.9636532068252563
      ]
    },
    "leftIndexDistal": {
      "position": [
        0,
        0,
        0
      ],
      "rotation": [
        3.8074412600508367e-7,
        0.027235036715865135,
        0.2657642960548401,
        0.9636532664299011
      ]
    },
    "leftMiddleProximal": {
      "position": [
        0,
        0,
        0
      ],
      "rotation": [
        0.00616559898480773,
        0.0009615060407668352,
        0.12755228579044342,
        0.9918122291564941
      ]
    },
    "leftMiddleIntermediate": {
      "position": [
        0,
        0,
        0
      ],
      "rotation": [
        3.199348554971948e-7,
        0.023066475987434387,
        0.22508636116981506,
        0.9740657210350037
      ]
    },
    "leftMiddleDistal": {
      "position": [
        0,
        0,
        0
      ],
      "rotation": [
        1.2068086618910456e-7,
        0.008301726542413235,
        0.08100937306880951,
        0.9966787695884705
      ]
    },
    "leftRingProximal": {
      "position": [
        0,
        0,
        0
      ],
      "rotation": [
        0.0008687271038070321,
        0.05073455348610878,
        0.17657510936260223,
        0.982978343963623
      ]
    },
    "leftRingIntermediate": {
      "position": [
        0,
        0,
        0
      ],
      "rotation": [
        3.235649899124837e-7,
        0.020948540419340134,
        0.20441944897174835,
        0.9786592125892639
      ]
    },
    "leftRingDistal": {
      "position": [
        0,
        0,
        0
      ],