{
  "sceneRotation": {
    "y": 180
  },
  "vrmPose": {
    "hips": {
      "rotation": [
        -0.00000427710867959693,
        0.0016455858152014603,
        -0.002599128165764248,
        0.9999952682697099
      ]
    },
    "spine": {
      "rotation": [
        0.008746608322944821,
        -0.04319882954474154,
        -0.0010296636835284308,
        0.9990276761739428
      ]
    },
    "chest": {
      "rotation": [
        0.013982894111308552,
        -0.04348034483895131,
        -0.0008165316049558711,
        0.9989560909074512
      ]
    },
    "neck": {
      "rotation": [
        -0.017452448055098806,
        0.00017112088523492052,
        -0.0002810115730341773,
        0.9998476402967718
      ]
    },
    "head": {
      "rotation": [
        -0.0001435481924253045,
        -0.04297734145999353,
        0.0033369853588239586,
        0.9990704640032467
      ]
    },
    "shoulderR": {
      "rotation": [
        -0.0000012231157586720078,
        0.0008799948205282475,
        -0.0013899105711917335,
        0.9999986468771965
      ]
    },
    "upper_armR": {
      "rotation": [
        -0.04252492713848597,
        0.6081347905984795,
        -0.05529553509173504,
        0.7907629928332056
      ]
    },
    "lower_armR": {
      "rotation": [
        0.0045063027908216835,
        0.05214159137407262,
        0.08598537950795963,
        0.9949208321243499
      ]
    },
    "handR": {
      "rotation": [
        -0.0000041409762568507574,
        0.0016191862400999932,
        -0.0025574311243235378,
        0.9999954188719149
      ]
    },
    "shoulderL": {
      "rotation": [
        -0.00003960679689400946,
        0.0008791039084252204,
        -0.04500792774822707,
        0.9989862421712474
      ]
    },
    "upper_armL": {
      "rotation": [
        0.0025448883103249796,
        0.04435936757881963,
        0.6742645675615635,
        0.7371519944913076
      ]
    },
    "lower_armL": {
      "rotation": [
        0.000050650154290260145,
        -0.042872072538285566,
        -0.0011803383098513186,
        0.9990798714979239
      ]
    },
    "handL": {
      "rotation": [
        -0.000003703101884351723,
        0.0015311875881583675,
        -0.002418440916352158,
        0.9999959032888041
      ]
    },
    "upper_legR": {
      "rotation": [
        0.000016588893147546723,
        0.0006597882779057558,
        0.02513480335289281,
        0.9996838530578797
      ]
    },
    "lower_legR": {
      "rotation": [
        -0.05233720075624266,
        0.0008382883028660424,
        -0.0014914234743657623,
        0.9986280039863402
      ]
    },
    "footR": {
      "rotation": [
        -0.017453824987626446,
        0.0009326076403792313,
        -0.0015315118186628688,
        0.9998460625055436
      ]
    },
    "upper_legL": {
      "rotation": [
        0.06101014167868092,
        0.002243173050103546,
        -0.027021262411650353,
        0.9977688019600007
      ]
    },
    "lower_legL": {
      "rotation": [
        0.017450634850871533,
        0.0010759000159637274,
        -0.0016354651432010816,
        0.9998458096307762
      ]
    },
    "footL": {
      "rotation": [
        -0.017453328831544525,
        0.0007529312835057308,
        -0.001236450273557745,
        0.9998466310379314
      ]
    },
    "thumb_proximalR": {
      "rotation": [
        0.04176014305271609,
        -0.2636631664521327,
        -0.1507575281856263,
        0.9518455719306634
      ]
    },
    "thumb_distalR": {
      "rotation": [
        -0.003925937228904583,
        -0.22491679320871355,
        0.01700510239095419,
        0.9742216635049011
      ]
    },
    "index_proximalR": {
      "rotation": [
        -5.490569106033772e-9,
        0.00005895971724601229,
        -0.00009312407401435545,
        0.9999999939258292
      ]
    },
    "index_intermediateR": {
      "rotation": [
        0,
        0,
        -0.00006115610846450239,
        0.9999999981299652
      ]
    },
    "index_distalR": {
      "rotation": [
        -1.0286408166121945e-9,
        0.000025519877715885603,
        -0.00004030743512541666,
        0.9999999988620233
      ]
    },
    "middle_proximalR": {
      "rotation": [
        -0.00030490297387010854,
        0.0003049029738701086,
        -0.7071067154497802,
        0.7071067154497803
      ]
    },
    "middle_intermediateR": {
      "rotation": [
        0,
        0,
        -0.7193398003386512,
        0.6946583704589973
      ]
    },
    "middle_distalR": {
      "rotation": [
        -0.00011288183525213317,
        0.0002865672335215529,
        -0.36650120934057784,
        0.9304175238508817
      ]
    },
    "ring_proximalR": {
      "rotation": [
        -0.0003723050546670852,
        0.0003491340538841314,
        -0.729441234280071,
        0.6840432919240749
      ]
    },
    "ring_intermediateR": {
      "rotation": [
        0,
        0,
        -0.7071067811865475,
        0.7071067811865476
      ]
    },
    "ring_distalR": {
      "rotation": [
        -0.00014386797170428496,
        0.0003308736825100965,
        -0.39874904297158814,
        0.917060014695797
      ]
    },
    "little_proximalR": {
      "rotation": [
        -0.00044684870282690953,
        0.00041111372981170673,
        -0.7359202712008429,
        0.6770679328896145
      ]
    },
    "little_intermediateR": {
      "rotation": [
        0,
        0,
        -0.7313537016191705,
        0.6819983600624985
      ]
    },
    "little_distalR": {
      "rotation": [
        -0.00019933209672597142,
        0.00035231828820830364,
        -0.4924235197588435,
        0.8703556246310188
      ]
    },
    "thumb_proximalL": {
      "rotation": [
        0.0000010644229447329248,
        -0.008415611278552093,
        -0.00012647747237443498,
        0.9999645801172781
      ]
    },
    "thumb_intermediateL": {
      "rotation": [
        7.390656940714106e-7,
        -0.00844025032036278,
        -0.00008756130896611038,
        0.9999643766189876
      ]
    },
    "thumb_distalL": {
      "rotation": [
        4.703732869130509e-7,
        -0.008460489520013494,
        -0.00005559447241672749,
        0.9999642078725194
      ]
    },
    "index_proximalL": {
      "rotation": [
        -3.5666071562828527e-9,
        0.00004751977219057547,
        -0.00007505522391619175,
        0.9999999960542922
      ]
    },
    "index_intermediateL": {
      "rotation": [
        0,
        0.000020239903033304005,
        0,
        0.9999999997951732
      ]
    },
    "index_distalL": {
      "rotation": [
        -4.892465240507969e-10,
        0.000017599915674626857,
        -0.000027798231129670755,
        0.9999999994587506
      ]
    },
    "middle_proximalL": {
      "rotation": [
        -0.000007781632759408447,
        0.00043992906100189606,
        -0.01768561258517553,
        0.9998435005086319
      ]
    },
    "middle_intermediateL": {
      "rotation": [
        0,
        0.0003607982636600363,
        0,
        0.9999999349123043
      ]
    },
    "middle_distalL": {
      "rotation": [
        -0.000005699585540317529,
        0.00032554854505739667,
        -0.017504952839295453,
        0.9998467235590431
      ]
    },
    "ring_proximalL": {
      "rotation": [
        -0.000015228009475204967,
        0.00047495364729279745,
        -0.03204562559619177,
        0.9994862940867619
      ]
    },
    "ring_intermediateL": {
      "rotation": [
        0,
        0.00037839817814004547,
        0,
        0.9999999284074068
      ]
    },
    "ring_distalL": {
      "rotation": [
        -0.00001121154766347969,
        0.0003518197107778582,
        -0.03185113895654883,
        0.9994925617754055
      ]
    },
    "little_proximalL": {
      "rotation": [
        -0.0014508849400514461,
        0.03486932467052679,
        -0.04154790862768104,
        0.9985268130694228
      ]
    },