{
  "sceneRotation": {
    "y": 180
  },
  "vrmPose": {
    "hips": {
      "position": [
        0.0903340901017378,
        -0.13610995269962922,
        0.02151021913013931
      ],
      "rotation": [
        0.07527479938994718,
        0.1517499483759171,
        -0.06969184177325932,
        0.983081230079672
      ]
    },
    "spine": {
      "position": [
        0,
        0,
        0
      ],
      "rotation": [
        -0.18365413788678503,
        -0.10518999954049675,
        -0.08536093646074058,
        0.9736116947532407
      ]
    },
    "chest": {
      "position": [
        0,
        0,
        0
      ],
      "rotation": [
        -0.06782501985431878,
        -0.030287049815557406,
        -0.006957854965066136,
        0.9972131414845655
      ]
    },
    "upperChest": {
      "position": [
        0,
        0,
        0
      ],
      "rotation": [
        -0.06706047170594454,
        -0.03189216076709256,
        -0.006817108148253824,
        0.9972157791835613
      ]
    },
    "neck": {
      "position": [
        0,
        0,
        0
      ],
      "rotation": [
        -0.013278732297674935,
        0.020186518912418596,
        -0.025022055148855197,
        0.9993948551392952
      ]
    },
    "head": {
      "position": [
        0,
        0,
        0
      ],
      "rotation": [
        0.21848237003509885,
        0.14722146810572487,
        0.11098725989234191,
        0.9582656841681386
      ]
    },
    "leftUpperLeg": {
      "position": [
        0,
        0,
        0
      ],
      "rotation": [
        0.2575966584199127,
        0.06942053364243676,
        -0.12905674520350485,
        0.9550754460235965
      ]
    },
    "leftLowerLeg": {
      "position": [
        0,
        0,
        0
      ],
      "rotation": [
        -0.3860826030407776,
        -0.07374952144361123,
        -0.012575542930289238,
        0.9194254115675203
      ]
    },
    "leftFoot": {
      "position": [
        0,
        0,
        0
      ],
      "rotation": [
        -0.008656412059174614,
        0.008245606293382871,
        0.1623817720002004,
        0.9866555815628832
      ]
    },
    "leftToes": {
      "position": [
        0,
        0,
        0
      ],
      "rotation": [
        0.06179623046335116,
        4.015408751954949e-8,
        1.5720744389344862e-8,
        0.9980887865818944
      ]
    },
    "rightUpperLeg": {
      "position": [
        0,
        0,
        0
      ],
      "rotation": [
        0.2289491312655384,
        -0.08458973628416153,
        0.11197174099162362,
        0.9632700561251948
      ]
    },
    "rightLowerLeg": {
      "position": [
        0,
        0,
        0
      ],
      "rotation": [
        -0.5613769489845494,
        -0.007927513456064076,
        0.023873838215207596,
        0.8271778016412653
      ]
    },
    "rightFoot": {
      "position": [
        0,
        0,
        0
      ],
      "rotation": [
        0.2779172278275355,
        -0.0004040062194935688,
        -0.03893419747282562,
        0.9598155966240491
      ]
    },
    "rightToes": {
      "position": [
        0,
        0,
        0
      ],
      "rotation": [
        1.8676786100597732e-7,
        6.890949063782506e-9,
        8.972177530553208e-9,
        0.9999999999999825
      ]
    },
    "leftShoulder": {
      "position": [
        0,
        0,
        0
      ],
      "rotation": [
        -0.008194556433534086,
        -0.03629756998542483,
        0.016077716440059828,
        0.9991780835727352
      ]
    },
    "leftUpperArm": {
      "position": [
        0,
        0,
        0
      ],
      "rotation": [
        0.10397580266908402,
        0.3997344310687101,
        -0.35820641143631127,
        -0.8373109187875887
      ]
    },
    "leftLowerArm": {
      "position": [
        0,
        0,
        0
      ],
      "rotation": [
        0.0000015152445697527062,
        -0.8852282799114336,
        3.2508699803677126e-7,
        0.46515685200094936
      ]
    },
    "leftHand": {
      "position": [
        0,
        0,
        0
      ],
      "rotation": [
        -0.209514950978357,
        0.2135448336303406,
        -0.01282062689178949,
        0.9541161988313731
      ]
    },
    "rightShoulder": {
      "position": [
        0,
        0,
        0
      ],
      "rotation": [
        -0.005196913157220781,
        0.07446152866408565,
        0.08194218289057877,
        -0.993837990572795
      ]
    },
    "rightUpperArm": {
      "position": [
        0,
        0,
        0
      ],
      "rotation": [
        -0.052436865116270215,
        0.2667115745950424,
        -0.2562880322573002,
        0.927594594877275
      ]
    },
    "rightLowerArm": {
      "position": [
        0,
        0,
        0
      ],
      "rotation": [
        -5.495192462393832e-7,
        0.912350629251601,
        -2.94242760871743e-7,
        0.4094097327907811
      ]
    },
    "rightHand": {
      "position": [
        0,
        0,
        0
      ],
      "rotation": [
        -0.2672494517097522,
        -0.10316761283970517,
        0.1466708318791394,
        0.9467955646799762
      ]
    },
    "leftThumbMetacarpal": {
      "position": [
        0,
        0,
        0
      ],
      "rotation": [
        -0.2879470884799957,
        0.11786603182554245,
        -0.026711899787187576,
        0.9499897956848145
      ]
    },
    "leftThumbProximal": {
      "position": [
        0,
        0,
        0
      ],
      "rotation": [
        -0.1906822919845581,
        0.4997754693031311,
        0.11075342446565628,
        0.8376147747039795
      ]
    },
    "leftThumbDistal": {
      "position": [
        0,
        0,
        0
      ],
      "rotation": [
        -0.06651374697685242,
        0.24130608141422272,
        0.050355464220047,
        0.9668565392494202
      ]
    },
    "leftIndexProximal": {
      "position": [
        0,
        0,
        0
      ],
      "rotation": [
        -0.00003288099105702713,
        -0.09039364010095596,
        -0.7492727041244507,
        -0.6560635566711426
      ]
    },
    "leftIndexIntermediate": {
      "position": [
        0,
        0,
        0
      ],
      "rotation": [
        0.000013017201126785949,
        -0.0911731943488121,
        -0.7549285888671875,
        -0.6494384407997131
      ]
    },
    "leftIndexDistal": {
      "position": [
        0,
        0,
        0
      ],
      "rotation": [
        0.00002316583413630724,
        -0.05009995773434639,
        -0.4156438708305359,
        -0.9081465601921082
      ]
    },
    "leftMiddleProximal": {
      "position": [
        0,
        0,
        0
      ],
      "rotation": [
        -0.000023939843231346458,
        -0.09039117395877838,
        -0.749181866645813,
        -0.6561676263809204
      ]
    },
    "leftMiddleIntermediate": {
      "position": [
        0,
        0,
        0
      ],
      "rotation": [
        0.000031758529075887054,
        0.09112967550754547,
        0.7550190091133118,
        0.6493393778800964
      ]
    },
    "leftMiddleDistal": {
      "position": [
        0,
        0,
        0
      ],
      "rotation": [
        -3.1985206305762404e-7,
        -0.050179142504930496,
        -0.4156440198421478,
        -0.9081421494483948
      ]
    },
    "leftRingProximal": {
      "position": [
        0,
        0,
        0
      ],
      "rotation": [
        -0.000004697615167970071,
        0.09042683988809586,
        0.7492727637290955,
        0.6560589671134949
      ]
    },
    "leftRingIntermediate": {
      "position": [
        0,
        0,
        0
      ],
      "rotation": [
        -0.000009401917850482278,
        0.09110518544912338,
        0.7549285888671875,
        0.6494479775428772
      ]
    },
    "leftRingDistal": {
      "position": [
        0,
        0,
        0
      ],