{
  "spineToArmRatio": 0.2932932133442297,
  "headToChestRatio": 1.6797955947930165,
  "hipsToSpineRatio": 0.9631228979033267
}