{
  "sceneRotation": {
    "y": 180
  },
  "vrmPose": {
    "hips": {
      "position": [
        0,
        0,
        0
      ],
      "rotation": [
        0.08313869684934616,
        -0.00040796626126393676,
        0.013955648988485336,
        0.9964401721954346
      ]
    },
    "spine": {
      "position": [
        0,
        0,
        0
      ],
      "rotation": [
        -0.12064538151025772,
        0.008985863998532295,
        -0.012154179625213146,
        0.9925805926322937
      ]
    },
    "chest": {
      "position": [
        0,
        0,
        0
      ],
      "rotation": [
        -0.019635682925581932,
        0.0007133297040127218,
        -0.0016901675844565034,
        0.9998055100440979
      ]
    },
    "neck": {
      "position": [
        0,
        0,
        0
      ],
      "rotation": [
        -0.02953808568418026,
        0.006346684414893389,
        -0.002597981132566929,
        0.9995401501655579
      ]
    },
    "head": {
      "position": [
        0,
        0,
        0
      ],
      "rotation": [
        0.09160327166318893,
        -0.01751413382589817,
        0.0023662070743739605,
        0.9956387281417847
      ]
    },
    "leftEye": {
      "position": [
        0,
        0,
        0
      ],
      "rotation": [
        0,
        0,
        0,
        1
      ]
    },
    "rightEye": {
      "position": [
        0,
        0,
        0
      ],
      "rotation": [
        0,
        0,
        0,
        1
      ]
    },
    "leftUpperLeg": {
      "position": [
        0,
        0,
        0
      ],
      "rotation": [
        -0.6934378147125244,
        -0.0457896962761879,
        0.03504673391580582,
        -0.7182053923606873
      ]
    },
    "leftLowerLeg": {
      "position": [
        0,
        0,
        0
      ],
      "rotation": [
        -0.7083055377006531,
        0.08048924058675766,
        -0.05941854417324066,
        0.6987804770469666
      ]
    },
    "leftFoot": {
      "position": [
        0,
        0,
        0
      ],
      "rotation": [
        -0.046693719923496246,
        0.0224719550460577,
        -0.056803494691848755,
        0.9970396757125854
      ]
    },
    "leftToes": {
      "position": [
        0,
        0,
        0
      ],
      "rotation": [
        0.0010923895752057433,
        1.2517872960415843e-7,
        2.331808524047574e-9,
        0.9999994039535522
      ]
    },
    "rightUpperLeg": {
      "position": [
        0,
        0,
        0
      ],
      "rotation": [
        0.6814684867858887,
        -0.06105519458651543,
        0.06379778683185577,
        0.726500391960144
      ]
    },
    "rightLowerLeg": {
      "position": [
        0,
        0,
        0
      ],
      "rotation": [
        -0.6931849122047424,
        0.0013183810515329242,
        -0.07900763303041458,
        0.7164151668548584
      ]
    },
    "rightFoot": {
      "position": [
        0,
        0,
        0
      ],
      "rotation": [
        -0.07156239449977875,
        -0.0007085991674102843,
        0.04392952099442482,
        0.9964680671691895
      ]
    },
    "rightToes": {
      "position": [
        0,
        0,
        0
      ],
      "rotation": [
        6.212663947735564e-7,
        1.8343738972248502e-8,
        -4.772656936324893e-8,
        1
      ]
    },
    "leftShoulder": {
      "position": [
        0,
        0,
        0
      ],
      "rotation": [
        -0.014840245246887207,
        -0.2235717922449112,
        0.05481187626719475,
        0.9730318784713745
      ]
    },
    "leftUpperArm": {
      "position": [
        0,
        0,
        0
      ],
      "rotation": [
        -0.08044864982366562,
        0.31693804264068604,
        -0.20107167959213257,
        -0.9233896732330322
      ]
    },
    "leftLowerArm": {
      "position": [
        0,
        0,
        0
      ],
      "rotation": [
        -0.007276191841810942,
        -0.1787082403898239,
        0.03957907855510712,
        0.9830787777900696
      ]
    },
    "leftHand": {
      "position": [
        0,
        0,
        0
      ],
      "rotation": [
        -0.0344696082174778,
        -0.12835630774497986,
        -0.3001210689544678,
        0.9445971846580505
      ]
    },
    "rightShoulder": {
      "position": [
        0,
        0,
        0
      ],
      "rotation": [
        0.022681165486574173,
        -0.10924120992422104,
        0.06847353279590607,
        -0.9913946390151978
      ]
    },
    "rightUpperArm": {
      "position": [
        0,
        0,
        0
      ],
      "rotation": [
        0.18459312617778778,
        0.34076839685440063,
        -0.37228238582611084,
        0.8433315753936768
      ]
    },
    "rightLowerArm": {
      "position": [
        0,
        0,
        0
      ],
      "rotation": [
        -0.008375633507966995,
        0.26490718126296997,
        -0.038539644330739975,
        0.9634670615196228
      ]
    },
    "rightHand": {
      "position": [
        0,
        0,
        0
      ],
      "rotation": [
        -0.20282211899757385,
        0.2512827515602112,
        0.31920740008354187,
        0.8909695744514465
      ]
    },
    "leftThumbMetacarpal": {
      "position": [
        0,
        0,
        0
      ],
      "rotation": [
        -0.01736685447394848,
        0.2296738624572754,
        0.10101094841957092,
        0.9678559303283691
      ]
    },
    "leftThumbProximal": {
      "position": [
        0,
        0,
        0
      ],
      "rotation": [
        -0.022131267935037613,
        0.13736313581466675,
        -0.07574176788330078,
        0.987372636795044
      ]
    },
    "leftThumbDistal": {
      "position": [
        0,
        0,
        0
      ],
      "rotation": [
        0.03326123580336571,
        -0.10884001851081848,
        -0.05648836866021156,
        0.9918954968452454
      ]
    },
    "leftIndexProximal": {
      "position": [
        0,
        0,
        0
      ],
      "rotation": [
        -0.02741871029138565,
        0.06647562980651855,
        0.26501092314720154,
        0.9615603685379028
      ]
    },
    "leftIndexIntermediate": {
      "position": [
        0,
        0,
        0
      ],
      "rotation": [
        -0.043165989220142365,
        0.07030681520700455,
        0.24800539016723633,
        0.9652393460273743
      ]
    },
    "leftIndexDistal": {
      "position": [
        0,
        0,
        0
      ],
      "rotation": [
        0.0036031659692525864,
        0.013766285963356495,
        -0.031704969704151154,
        0.9993959665298462
      ]
    },
    "leftMiddleProximal": {
      "position": [
        0,
        0,
        0
      ],
      "rotation": [
        -0.003944885917007923,
        -0.0177212692797184,
        0.18782642483711243,
        0.98203444480896
      ]
    },
    "leftMiddleIntermediate": {
      "position": [
        0,
        0,
        0
      ],
      "rotation": [
        0.0076329815201461315,
        0.0781787782907486,
        0.28521621227264404,
        0.9552389979362488
      ]
    },
    "leftMiddleDistal": {
      "position": [
        0,
        0,
        0
      ],
      "rotation": [
        0.0009717251523397863,
        0.011818001978099346,
        0.03189735859632492,
        0.9994208216667175
      ]
    },
    "leftRingProximal": {
      "position": [
        0,
        0,
        0
      ],
      "rotation": [
        0.006577684078365564,
        -0.04875477775931358,
        0.2502102851867676,
        0.9669407606124878
      ]
    },
    "leftRingIntermediate": {
      "position": [
        0,
        0,
        0
      ],
      "rotation": [
        0.032065022736787796,
        0.05181954428553581,
        0.17409062385559082,
        0.9828422665596008
      ]
    },
    "leftRingDistal": {
      "position": [
        0,
        0,
        0
      ],